timestamp,rms_db,rms_delta,centroid,rolloff,flatness,low,mid,high,spectral_flux,onset_strength,device_id,channel,note,velocity,cc_number,cc_value,program_number,type
1767433733686834000,,,,,,,,,,,11,0,11.0,,,2.0,,polytouch
1767433734361189000,,,,,,,,,,,11,0,32.0,,,2.0,,polytouch
1767433735001224000,,,,,,,,,,,11,1,,,11.0,0.0,,control_change
1767433735747108000,,,,,,,,,,,11,1,,,11.0,2.0,,control_change
1767433737897063000,,,,,,,,,,,11,1,,,11.0,3.0,,control_change
1767433738590481000,,,,,,,,,,,11,1,,,11.0,1.0,,control_change
1767433739227894000,,,,,,,,,,,11,1,,,32.0,2.0,,control_change
1767433739939375000,,,,,,,,,,,11,1,,,2.0,32.0,,control_change
1767433739939670000,,,,,,,,,,,11,1,,,2.0,3.0,,control_change
1767433740624612000,,,,,,,,,,,11,1,,,2.0,0.0,,control_change
1767433741276642000,,,,,,,,,,,11,1,,,32.0,2.0,,control_change
1767433741899313000,,,,,,,,,,,11,1,,,11.0,3.0,,control_change
1767433748716759000,-39.90120315551758,0.009741200134158134,3108.9390078720307,7640.625,0.345907598733902,2.6389195919036865,0.14502175152301788,0.01735507696866989,0.3145221471786499,0.009741200134158134,11,1,,,11.0,3.0,,control_change
1767433748738158000,-36.432193756103516,0.004965221509337425,2408.7747101542604,5062.5,0.26772457361221313,4.031805992126465,0.13030679523944855,0.015864849090576172,0.18337975442409515,0.004965221509337425,11,1,,,11.0,3.0,,control_change
1767433748759361000,-37.6044921875,-0.0019038617610931396,2559.909661597714,5671.875,0.2837739884853363,3.6883087158203125,0.11278047412633896,0.015065769664943218,0.11139477044343948,0.0,11,1,,,11.0,3.0,,control_change
1767433748780686000,-37.31509017944336,0.00044639408588409424,3533.6074297891482,8953.125,0.3945440948009491,3.4675209522247314,0.24141713976860046,0.029735172167420387,0.14517565071582794,0.00044639408588409424,11,1,,,11.0,3.0,,control_change
1767433748801852000,-37.14422607421875,0.0002706153318285942,2059.6128353776085,3656.25,0.22663402557373047,3.6583409309387207,0.09558676928281784,0.0109083978459239,0.14529061317443848,0.0002706153318285942,11,1,,,11.0,3.0,,control_change
1767433748823261000,-38.19889450073242,-0.001588510349392891,2898.7686678368573,6890.625,0.32243719696998596,3.3968772888183594,0.1395401507616043,0.017667444422841072,0.10207940638065338,0.0,11,1,,,11.0,3.0,,control_change
1767433748844337000,-38.06576156616211,0.00019004475325345993,3349.3630307995336,8390.625,0.37407782673835754,3.1340243816375732,0.2118096649646759,0.024762187153100967,0.11004582792520523,0.00019004475325345993,11,1,,,11.0,3.0,,control_change
1767433748866023000,-38.30420684814453,-0.00033832620829343796,1352.168168140018,1125.0,0.14181382954120636,3.1900155544281006,0.06540753692388535,0.005263044964522123,0.13681097328662872,0.0,11,1,,,11.0,3.0,,control_change
1767433748887247000,-38.95636749267578,-0.0008792784065008163,2985.1688611069944,7171.875,0.3323758542537689,2.986266613006592,0.1446126252412796,0.017142625525593758,0.1009572222828865,0.0,11,1,,,11.0,3.0,,control_change
1767433748908580000,-39.16376495361328,-0.00026606954634189606,3156.1522530620955,7734.375,0.35248222947120667,2.8240933418273926,0.17397981882095337,0.019829971715807915,0.07609310001134872,0.0,11,1,,,11.0,3.0,,control_change
1767433748930215000,-40.34727096557617,-0.0014025485143065453,1172.854249240803,796.875,0.11751913279294968,2.4734244346618652,0.06293834000825882,0.003529370529577136,0.10041268169879913,0.0,11,1,,,11.0,3.0,,control_change
1767433748951463000,-41.8680419921875,-0.001543194055557251,2703.1785574614914,6140.625,0.2980901598930359,2.0570719242095947,0.10179498046636581,0.010370675474405289,0.10050062090158463,0.0,11,1,,,11.0,3.0,,control_change
1767433748972624000,-41.13456726074219,0.0007106158882379532,2742.611777977162,6281.25,0.30400770902633667,2.1563398838043213,0.12045717239379883,0.012046043761074543,0.0812419056892395,0.0007106158882379532,11,1,,,11.0,3.0,,control_change
1767433748994007000,-41.29848098754883,-0.0001640506088733673,814.7887458478716,562.5,0.07120142132043839,2.238267660140991,0.05838610976934433,0.0018934524850919843,0.06414635479450226,0.0,11,1,,,11.0,3.0,,control_change
1767433749015461000,-42.04069137573242,-0.0007052887231111526,2432.524225808228,5109.375,0.2649657130241394,1.9976832866668701,0.08865054696798325,0.008348128758370876,0.097459577023983,0.0,11,1,,,11.0,3.0,,control_change
1767433749036701000,-42.04265594482422,-1.7872080206871033e-06,2239.387711541352,4265.625,0.24469539523124695,1.9596936702728271,0.09742958098649979,0.007967780344188213,0.07876747846603394,0.0,11,1,,,11.0,3.0,,control_change
1767433749057889000,-42.36799240112305,-0.0002905861474573612,722.6383422528927,562.5,0.05466831848025322,1.9880119562149048,0.061152756214141846,0.0013261374551802874,0.03950247913599014,0.0,11,1,,,11.0,3.0,,control_change
1767433749079564000,-43.349822998046875,-0.0008137836121022701,1900.3971149976562,2671.875,0.19787821173667908,1.844234824180603,0.07119955122470856,0.005041041877120733,0.09439903497695923,0.0,11,1,,,11.0,3.0,,control_change
1767433749100820000,-42.53072738647461,0.0006724605336785316,1492.3011881653713,1406.25,0.15106378495693207,1.8781582117080688,0.08628936111927032,0.004292885307222605,0.09479998797178268,0.0006724605336785316,11,1,,,11.0,3.0,,control_change
1767433749122200000,-43.23234939575195,-0.0005798689089715481,935.9617465573601,843.75,0.07576455175876617,1.8355783224105835,0.07637922465801239,0.0018973993137478828,0.04314606636762619,0.0,11,1,,,11.0,3.0,,control_change
1767433749143369000,-44.40077209472656,-0.0008675316348671913,952.3873690298896,796.875,0.07266352325677872,1.6117451190948486,0.07878528535366058,0.0016166175482794642,0.07484560459852219,0.0,11,1,,,11.0,3.0,,control_change
1767433749164980000,-43.40489959716797,0.0007319599390029907,1103.1468655024598,890.625,0.09807053953409195,1.6632763147354126,0.0910034030675888,0.0025553402956575155,0.08722338825464249,0.0007319599390029907,11,1,,,11.0,3.0,,control_change
1767433749185885000,-44.70951461791992,-0.0009423606097698212,1584.9179759640865,1687.5,0.15778082609176636,1.4798170328140259,0.08669569343328476,0.003818317549303174,0.05429655686020851,0.0,11,1,,,11.0,3.0,,control_change
1767433749228390000,-44.29183578491211,0.0006769471801817417,871.2849208483585,890.625,0.059117987751960754,1.4414981603622437,0.0962425097823143,0.0013695070520043373,0.0822000727057457,0.0006769471801817417,11,1,,,11.0,3.0,,control_change
1767433749804668000,-39.91523361206055,0.00542956730350852,3180.6268841948295,7734.375,0.34136441349983215,2.5563557147979736,0.23842167854309082,0.022269301116466522,0.22000104188919067,0.00542956730350852,11,1,,,11.0,3.0,,control_change
1767433749826022000,-36.68855285644531,0.004542984068393707,2113.2243815452243,3937.5,0.2120581865310669,3.0707356929779053,0.2740325927734375,0.01582915708422661,0.2819352447986603,0.004542984068393707,11,1,,,11.0,3.0,,control_change
1767433749847414000,-39.010650634765625,-0.0034346161410212517,1241.1130715753402,1921.875,0.07688255608081818,1.4678412675857544,0.225911945104599,0.00537454430013895,0.2113584578037262,0.0,11,1,,,11.0,3.0,,control_change
1767433749868533000,-37.63502502441406,0.0019230851903557777,1936.493682101472,2906.25,0.19605429470539093,2.343043804168701,0.2361108362674713,0.01059510838240385,0.13884606957435608,0.0019230851903557777,11,1,,,11.0,3.0,,control_change
1767433749889905000,-38.980403900146484,-0.0018839957192540169,1570.074042439854,1734.375,0.1502765715122223,2.689058303833008,0.16824141144752502,0.00689983693882823,0.16553625464439392,0.0,11,1,,,11.0,3.0,,control_change
1767433749911237000,-37.423728942871094,0.002207299694418907,1949.8136891564357,3093.75,0.19962404668331146,2.446625232696533,0.23773260414600372,0.011117490008473396,0.16214556992053986,0.002207299694418907,11,1,,,11.0,3.0,,control_change
1767433749932672000,-40.74795150756836,-0.004277902655303478,1187.2029442423877,1312.5,0.09543069452047348,1.344495177268982,0.1855393350124359,0.0036761988885700703,0.16172462701797485,0.0,11,1,,,11.0,3.0,,control_change
1767433749953889000,-39.95072555541992,0.0008819671347737312,1075.2816834757841,1218.75,0.08182466775178909,1.8152011632919312,0.17951010167598724,0.003461118321865797,0.07824764400720596,0.0008819671347737312,11,1,,,11.0,3.0,,control_change
1767433749975335000,-39.63581848144531,0.0003713015466928482,922.6756862707997,1031.25,0.06070319190621376,2.2619776725769043,0.14833535254001617,0.0026560919359326363,0.15089406073093414,0.0003713015466928482,11,1,,,11.0,3.0,,control_change
1767433749996824000,-37.93049621582031,0.0022622058168053627,812.7437537226097,750.0,0.052481986582279205,2.4674110412597656,0.16257509589195251,0.0024576387368142605,0.12548470497131348,0.0022622058168053627,11,1,,,11.0,3.0,,control_change
1767433750018130000,-40.26350402832031,-0.002989213913679123,1721.9212030192111,2062.5,0.16920006275177002,1.9576084613800049,0.1371956616640091,0.006138684693723917,0.11889693140983582,0.0,11,1,,,11.0,3.0,,control_change
1767433750039296000,-43.220401763916016,-0.0027991007082164288,1226.4134990149796,1312.5,0.10147808492183685,1.1713680028915405,0.15037551522254944,0.0030967798084020615,0.14642979204654694,0.0,11,1,,,11.0,3.0,,control_change
1767433750060560000,-42.26178741455078,0.0008053667843341827,2198.392635120264,3750.0,0.2290097177028656,1.5102485418319702,0.14881035685539246,0.008025138638913631,0.09120994806289673,0.0008053667843341827,11,1,,,11.0,3.0,,control_change
1767433750082270000,-38.90787887573242,0.003632370848208666,2148.136163331372,3609.375,0.22615832090377808,2.1922786235809326,0.20686466991901398,0.011046843603253365,0.1471751630306244,0.003632370848208666,11,1,,,11.0,3.0,,control_change
1767433750103306000,-40.14411163330078,-0.0015043625608086586,1040.1918617301033,984.375,0.08605588227510452,2.274322032928467,0.13794824481010437,0.0030903706792742014,0.12565094232559204,0.0,11,1,,,11.0,3.0,,control_change
1767433750124574000,-42.45561218261719,-0.002298091072589159,1059.0370156780684,1171.875,0.07682884484529495,1.3911607265472412,0.11782921850681305,0.002182347932830453,0.10340742766857147,0.0,11,1,,,11.0,3.0,,control_change
1767433750146069000,-43.50218963623047,-0.0008556083776056767,1625.8131653798596,1781.25,0.15156513452529907,0.7920573353767395,0.13274700939655304,0.003676991444081068,0.11950980871915817,0.0,11,1,,,11.0,3.0,,control_change
1767433750167224000,-43.90438461303711,-0.00030234502628445625,3441.5872701704957,8343.75,0.37574461102485657,1.1228389739990234,0.17378224432468414,0.014509240165352821,0.09601521492004395,0.0,11,1,,,11.0,3.0,,control_change
1767433750188759000,-42.16535186767578,0.0014140862040221691,2910.977036228779,6562.5,0.3155772387981415,1.5164200067520142,0.16967138648033142,0.01275599654763937,0.08757752180099487,0.0014140862040221691,11,1,,,11.0,3.0,,control_change
1767433750210035000,-43.72140884399414,-0.0012782709673047066,1006.7238359908433,984.375,0.07647603005170822,1.3819682598114014,0.12109043449163437,0.0021644385997205973,0.08297938108444214,0.0,11,1,,,11.0,3.0,,control_change
1767433750273886000,-43.51787567138672,0.0017170161008834839,2797.776821129768,6000.0,0.29923689365386963,1.2181625366210938,0.14965486526489258,0.010039965622127056,0.09383377432823181,0.0017170161008834839,11,1,,,11.0,3.0,,control_change
1767433750295333000,-43.771705627441406,-0.00019208714365959167,2855.4361987675393,6187.5,0.307983934879303,1.351597547531128,0.16625162959098816,0.011327437125146389,0.09543376415967941,0.0,11,1,,,11.0,3.0,,control_change
1767433750359304000,-44.50543975830078,0.001396829728037119,1642.4519672189053,2015.625,0.15700560808181763,0.9878036379814148,0.1271127462387085,0.0038347451481968164,0.07995068281888962,0.001396829728037119,11,1,,,11.0,3.0,,control_change
1767433750380755000,-44.87855911254883,-0.00025030365213751793,1544.108382979673,1734.375,0.1473887413740158,1.123761773109436,0.1068747490644455,0.0034396157134324312,0.06410962343215942,0.0,11,1,,,11.0,3.0,,control_change
1767433750401816000,-43.89971923828125,0.0006802529096603394,1443.9066638067522,1546.875,0.13421551883220673,1.0925623178482056,0.1308944821357727,0.003484974382445216,0.07859541475772858,0.0006802529096603394,11,1,,,11.0,3.0,,control_change
1767433750423275000,-44.882904052734375,-0.0006831050850450993,1314.1741306361462,1312.5,0.10843463987112045,0.6171493530273438,0.1197272539138794,0.0021481767762452364,0.07375780493021011,0.0,11,1,,,11.0,3.0,,control_change
1767433750444450000,-43.07673645019531,0.001317454967647791,2779.4150021436863,5953.125,0.29736849665641785,0.8508198857307434,0.16218417882919312,0.009369696490466595,0.07074015587568283,0.001317454967647791,11,1,,,11.0,3.0,,control_change
1767433750466165000,-43.019065856933594,4.674261435866356e-05,1441.2420904474695,1453.125,0.1292591542005539,1.1892036199569702,0.12327023595571518,0.003218067344278097,0.07284499704837799,4.674261435866356e-05,11,1,,,11.0,3.0,,control_change
1767433750487313000,-42.12143325805664,0.0007690675556659698,1537.4923796163084,1687.5,0.14498919248580933,1.3077154159545898,0.14144645631313324,0.004113242030143738,0.036875538527965546,0.0007690675556659698,11,1,,,11.0,3.0,,control_change
1767433750508494000,-41.30155563354492,0.0007753930985927582,1162.242532707192,1031.25,0.09850791096687317,1.122826099395752,0.15292462706565857,0.0027749622240662575,0.09024333953857422,0.0007753930985927582,11,1,,,11.0,3.0,,control_change
1767433750530008000,-42.4244499206543,-0.0010439404286444187,929.7836389540201,890.625,0.0619509220123291,0.8967241048812866,0.1438826024532318,0.0014739840989932418,0.06259400397539139,0.0,11,1,,,11.0,3.0,,control_change
1767433750551260000,-41.882015228271484,0.0004874640144407749,1234.4730219493397,1312.5,0.10457715392112732,0.9626380205154419,0.1599801629781723,0.0030818332452327013,0.06861826777458191,0.0004874640144407749,11,1,,,11.0,3.0,,control_change
1767433750572690000,-41.4726676940918,0.00038854777812957764,1371.7585465348764,1453.125,0.11467824876308441,1.6196132898330688,0.14098267257213593,0.004608853254467249,0.1297188699245453,0.00038854777812957764,11,1,,,11.0,3.0,,control_change
1767433750593796000,-40.615692138671875,0.0008752299472689629,2105.741742590646,3703.125,0.21095538139343262,1.2424312829971313,0.17432348430156708,0.007996749132871628,0.12953093647956848,0.0008752299472689629,11,1,,,11.0,3.0,,control_change
1767433750615591000,-42.62874221801758,-0.0019270828925073147,1420.858566682424,1453.125,0.11519826948642731,1.1395981311798096,0.14886024594306946,0.003962100483477116,0.07979396730661392,0.0,11,1,,,11.0,3.0,,control_change
1767433750636669000,-43.23539733886719,-0.0004984415136277676,1989.5598323226463,2859.375,0.19442619383335114,0.9010715484619141,0.16366355121135712,0.006065769586712122,0.07709084451198578,0.0,11,1,,,11.0,3.0,,control_change
1767433750657912000,-41.91985321044922,0.0011267466470599174,2130.290993938917,3609.375,0.2193988859653473,1.3221956491470337,0.18284562230110168,0.008423755876719952,0.10045485198497772,0.0011267466470599174,11,1,,,11.0,3.0,,control_change
1767433750679272000,-40.90034103393555,0.0009984401986002922,2678.408871139117,5765.625,0.28767263889312744,1.383787751197815,0.20418564975261688,0.012426164001226425,0.08417606353759766,0.0009984401986002922,11,1,,,11.0,3.0,,control_change
1767433750700576000,-42.6108512878418,-0.0016115112230181694,2247.328032899495,3937.5,0.23502740263938904,1.2817914485931396,0.16917288303375244,0.00827089510858059,0.11148355901241302,0.0,11,1,,,11.0,3.0,,control_change
1767433750721993000,-43.47909927368164,-0.0007043071091175079,1394.5723816096076,1546.875,0.11475712060928345,0.8173274993896484,0.15880009531974792,0.0032622397411614656,0.08962199836969376,0.0,11,1,,,11.0,3.0,,control_change
1767433750743340000,-43.34766387939453,0.00010214792564511299,1352.9153394810335,1359.375,0.11923430860042572,1.001471757888794,0.15014895796775818,0.003355278866365552,0.04546467959880829,0.00010214792564511299,11,1,,,11.0,3.0,,control_change
1767433750764942000,-42.54512023925781,0.0006584008224308491,2114.7526632134654,3421.875,0.21973243355751038,1.2842012643814087,0.16667969524860382,0.007532250601798296,0.07546021789312363,0.0006584008224308491,11,1,,,11.0,3.0,,control_change
1767433750785887000,-44.56006622314453,-0.0015445156022906303,2849.2495202919877,6328.125,0.30602726340293884,1.2309296131134033,0.13525258004665375,0.009649079293012619,0.1101551279425621,0.0,11,1,,,11.0,3.0,,control_change
1767433750807166000,-43.63249969482422,0.0006666895933449268,1613.3904310191779,1640.625,0.15265773236751556,0.9719338417053223,0.14955540001392365,0.004266674164682627,0.11824425309896469,0.0006666895933449268,11,1,,,11.0,3.0,,control_change
1767433750828624000,-44.69761657714844,-0.0007596355862915516,1855.1783527891237,2343.75,0.17661167681217194,0.615966796875,0.13494038581848145,0.00408061221241951,0.08774144947528839,0.0,11,1,,,11.0,3.0,,control_change
1767433750871291000,-43.4291877746582,0.00202229805290699,897.5107505505327,890.625,0.06190305948257446,1.1800249814987183,0.13393524289131165,0.0016824877820909023,0.08560255914926529,0.00202229805290699,11,1,,,11.0,3.0,,control_change
1767433752196874000,-43.4291877746582,0.00202229805290699,897.5107505505327,890.625,0.06190305948257446,1.1800249814987183,0.13393524289131165,0.0016824877820909023,0.08560255914926529,0.00202229805290699,11,1,,,11.0,1.0,,control_change
1767433753003348000,-43.4291877746582,0.00202229805290699,897.5107505505327,890.625,0.06190305948257446,1.1800249814987183,0.13393524289131165,0.0016824877820909023,0.08560255914926529,0.00202229805290699,11,1,,,12.0,10.0,,control_change
1767433754227794000,-43.4291877746582,0.00202229805290699,897.5107505505327,890.625,0.06190305948257446,1.1800249814987183,0.13393524289131165,0.0016824877820909023,0.08560255914926529,0.00202229805290699,11,1,,,11.0,2.0,,control_change
1767433754640312000,-43.4291877746582,0.00202229805290699,897.5107505505327,890.625,0.06190305948257446,1.1800249814987183,0.13393524289131165,0.0016824877820909023,0.08560255914926529,0.00202229805290699,11,1,,,32.0,2.0,,control_change
1767433754668418000,-44.83806610107422,0.0004400513134896755,1305.6892584848572,1078.125,0.12177906185388565,1.517998456954956,0.0508817620575428,0.0024286266416311264,0.021612396463751793,0.0004400513134896755,11,1,,,32.0,2.0,,control_change
1767433754839249000,-38.67207336425781,0.007083687465637922,2521.5902401035487,5625.0,0.2627857029438019,3.1438257694244385,0.1889796108007431,0.017040427774190903,0.27575498819351196,0.007083687465637922,11,1,,,32.0,2.0,,control_change
1767433754860551000,-41.25877380371094,-0.003000987693667412,2812.600018000617,6656.25,0.273097962141037,1.2119346857070923,0.169313445687294,0.013014025054872036,0.24390168488025665,0.0,11,1,,,32.0,2.0,,control_change
1767433754882078000,-41.956600189208984,-0.0006678309291601181,2963.188270854953,6656.25,0.30177944898605347,0.997309684753418,0.20478031039237976,0.014019298367202282,0.07814642786979675,0.0,11,1,,,32.0,2.0,,control_change
1767433754903148000,-42.95213317871094,-0.0008644871413707733,3017.289355765897,7171.875,0.30925723910331726,1.0301200151443481,0.17246849834918976,0.012264593504369259,0.06710828095674515,0.0,11,1,,,32.0,2.0,,control_change
1767433754924517000,-41.30909729003906,0.0014823414385318756,2110.5062209578873,3937.5,0.1969299614429474,1.2591296434402466,0.16493171453475952,0.008141554892063141,0.0784594863653183,0.0014823414385318756,11,1,,,32.0,2.0,,control_change
1767433754945890000,-43.47010040283203,-0.0018944386392831802,1925.0652038820663,3375.0,0.16624870896339417,0.9858907461166382,0.1321658194065094,0.005771429277956486,0.07567933201789856,0.0,11,1,,,32.0,2.0,,control_change
1767433754967380000,-44.468528747558594,-0.00072823790833354,2234.3385263766613,4171.875,0.216433584690094,1.0286966562271118,0.1406765580177307,0.007224638480693102,0.07694075256586075,0.0,11,1,,,32.0,2.0,,control_change
1767433754988597000,-43.046630859375,0.001063307747244835,2004.9315028694825,3468.75,0.1926119178533554,1.1986027956008911,0.15614889562129974,0.00694967620074749,0.041862182319164276,0.001063307747244835,11,1,,,32.0,2.0,,control_change
1767433755009888000,-43.05582046508789,-7.4463896453380585e-06,1852.2521214926107,2906.25,0.17878971993923187,1.0969135761260986,0.16128069162368774,0.006253463681787252,0.03942284360527992,0.0,11,1,,,32.0,2.0,,control_change
1767433755073654000,-44.74859619140625,0.0005455082282423973,1851.0205750182947,2390.625,0.1645638346672058,0.49260345101356506,0.1554391086101532,0.004466079641133547,0.053005121648311615,0.0005455082282423973,11,1,,,32.0,2.0,,control_change
1767433755137471000,-42.659820556640625,0.0022595832124352455,1181.1567458134111,1218.75,0.0932176485657692,1.7190217971801758,0.13437624275684357,0.0035245162434875965,0.10325609147548676,0.0022595832124352455,11,1,,,32.0,2.0,,control_change
1767433755351023000,-43.52950668334961,0.0019231452606618404,2795.9889874917626,6046.875,0.29818233847618103,0.9115968942642212,0.14872534573078156,0.009024051949381828,0.08502167463302612,0.0019231452606618404,11,1,,,32.0,2.0,,control_change
1767433755372426000,-44.26534652709961,-0.0005410397425293922,3252.5575832126583,7828.125,0.35263651609420776,1.047217607498169,0.16490438580513,0.01274461206048727,0.060438018292188644,0.0,11,1,,,32.0,2.0,,control_change
1767433755393942000,-40.14211654663086,0.0037179780192673206,3242.79483766826,7781.25,0.35121092200279236,1.8561594486236572,0.2559153437614441,0.020788267254829407,0.14777712523937225,0.0037179780192673206,11,1,,,32.0,2.0,,control_change
1767433755415246000,-42.041587829589844,-0.0019323723390698433,2473.4209879476607,5156.25,0.25429993867874146,1.1498547792434692,0.18637169897556305,0.009938191622495651,0.14574702084064484,0.0,11,1,,,32.0,2.0,,control_change
1767433755436373000,-41.442710876464844,0.0005642902106046677,1761.6690305774289,2156.25,0.16112330555915833,1.0619663000106812,0.16319765150547028,0.00580604700371623,0.08071170002222061,0.0005642902106046677,11,1,,,32.0,2.0,,control_change
1767433755457891000,-41.96235656738281,-0.0004918510094285011,2443.6463454043696,4875.0,0.25079673528671265,1.150907278060913,0.1798831820487976,0.009388044476509094,0.06418858468532562,0.0,11,1,,,32.0,2.0,,control_change
1767433755479176000,-42.674835205078125,-0.0006282730028033257,1257.9042724745952,1312.5,0.09519746899604797,1.2398148775100708,0.13997051119804382,0.0034952443093061447,0.07131662219762802,0.0,11,1,,,32.0,2.0,,control_change
1767433755500376000,-40.9163703918457,0.0016492241993546486,2842.2259608672252,6375.0,0.3042599856853485,1.221805214881897,0.22100932896137238,0.013803106732666492,0.10067132860422134,0.0016492241993546486,11,1,,,32.0,2.0,,control_change
1767433755521799000,-42.17030334472656,-0.0012096758000552654,2723.3323521277894,6000.0,0.2937694191932678,1.3919792175292969,0.18775276839733124,0.012073877267539501,0.09017124027013779,0.0,11,1,,,32.0,2.0,,control_change
1767433755543113000,-41.217098236083984,0.0009034494869410992,2359.430949136373,4406.25,0.24646936357021332,1.2385703325271606,0.20011596381664276,0.009920172393321991,0.08932794630527496,0.0009034494869410992,11,1,,,32.0,2.0,,control_change
1767433755564569000,-42.244510650634766,-0.0009697130881249905,1780.8706085679792,2250.0,0.17489424347877502,1.3319432735443115,0.15493643283843994,0.005774771794676781,0.05203777551651001,0.0,11,1,,,32.0,2.0,,control_change
1767433755585715000,-41.54686737060547,0.0006458810530602932,925.3011195445517,890.625,0.06250054389238358,1.3481777906417847,0.1486968994140625,0.002196352928876877,0.07302530854940414,0.0006458810530602932,11,1,,,32.0,2.0,,control_change
1767433755607064000,-42.08372116088867,-0.0005015889182686806,1057.0429065442593,1031.25,0.07964461296796799,1.2779927253723145,0.14470717310905457,0.0024712984450161457,0.11665413528680801,0.0,11,1,,,32.0,2.0,,control_change
1767433755628161000,-42.797027587890625,-0.0006202445365488529,907.5768746539887,843.75,0.062056224793195724,1.3552922010421753,0.14677850902080536,0.002127375453710556,0.1030830591917038,0.0,11,1,,,32.0,2.0,,control_change
1767433755649753000,-41.70506286621094,0.000970794353634119,1589.7132744736987,1687.5,0.15369150042533875,1.34306800365448,0.1601383537054062,0.004933416843414307,0.11810390651226044,0.000970794353634119,11,1,,,32.0,2.0,,control_change
1767433755671303000,-40.18924331665039,0.0015668505802750587,1526.823504658946,1546.875,0.15218821167945862,2.3265488147735596,0.16445408761501312,0.006271970923990011,0.15772269666194916,0.0015668505802750587,11,1,,,32.0,2.0,,control_change
1767433755692578000,-37.603519439697266,0.0033927420154213905,2509.093686527823,5203.125,0.2746916115283966,3.1882686614990234,0.2452041655778885,0.017771661281585693,0.1583564579486847,0.0033927420154213905,11,1,,,32.0,2.0,,control_change
1767433755713798000,-39.0092887878418,-0.0019690338522195816,2391.133361976564,4687.5,0.25857943296432495,2.5931453704833984,0.20341971516609192,0.013652884401381016,0.08500832319259644,0.0,11,1,,,32.0,2.0,,control_change
1767433755735008000,-38.881988525390625,0.0001654764637351036,1597.6519597730892,1687.5,0.16617073118686676,2.7709434032440186,0.16745653748512268,0.007719478104263544,0.10374816507101059,0.0001654764637351036,11,1,,,32.0,2.0,,control_change
1767433755756582000,-36.59231948852539,0.003430500626564026,2984.6899228248303,7031.25,0.3296169936656952,3.0139358043670654,0.3059821128845215,0.025309929624199867,0.20318962633609772,0.003430500626564026,11,1,,,32.0,2.0,,control_change
1767433755777598000,-38.877593994140625,-0.0034247469156980515,3546.1652453688753,8859.375,0.3908661901950836,2.7839388847351074,0.2686747908592224,0.027817806228995323,0.21513719856739044,0.0,11,1,,,32.0,2.0,,control_change
1767433755799072000,-38.63764572143555,0.00031874049454927444,712.3881337748292,656.25,0.04714074730873108,2.4035420417785645,0.1715650111436844,0.0018975103739649057,0.1766035109758377,0.00031874049454927444,11,1,,,32.0,2.0,,control_change
1767433755820416000,-38.2985725402832,0.00046569667756557465,2117.3354006919394,3609.375,0.22750072181224823,2.7240915298461914,0.20333752036094666,0.012077725492417812,0.0867372378706932,0.00046569667756557465,11,1,,,32.0,2.0,,control_change
1767433755841696000,-38.518707275390625,-0.00030440744012594223,2391.1997720938452,4734.375,0.2591581642627716,2.9436111450195312,0.19846229255199432,0.014077981002628803,0.11265245079994202,0.0,11,1,,,32.0,2.0,,control_change
1767433755863166000,-37.25779724121094,0.0018528420478105545,1171.656669080532,890.625,0.11458488553762436,3.3017261028289795,0.18195495009422302,0.00570905115455389,0.13564203679561615,0.0018528420478105545,11,1,,,32.0,2.0,,control_change
1767433755884383000,-38.2191047668457,-0.0014366358518600464,3203.048727829426,7828.125,0.3559282124042511,2.8250534534454346,0.2433045357465744,0.023900888860225677,0.13615556061267853,0.0,11,1,,,32.0,2.0,,control_change
1767433755905772000,-37.857337951660156,0.000522073358297348,2953.2365272687875,6984.375,0.3247121572494507,2.388587474822998,0.24151496589183807,0.019527509808540344,0.15895341336727142,0.000522073358297348,11,1,,,32.0,2.0,,control_change
1767433755927157000,-38.463050842285156,-0.0008620470762252808,1173.2602873050878,937.5,0.11131099611520767,2.5685133934020996,0.14707806706428528,0.0045200311578810215,0.1500677913427353,0.0,11,1,,,32.0,2.0,,control_change
1767433755948640000,-38.55583953857422,-0.00012682657688856125,2565.732649282731,5437.5,0.28275275230407715,2.774383544921875,0.2225431203842163,0.01662534475326538,0.13133631646633148,0.0,11,1,,,32.0,2.0,,control_change
1767433755969743000,-38.59607696533203,-5.457550287246704e-05,2484.895012822701,5109.375,0.2690601646900177,2.535217761993408,0.20451292395591736,0.014065814204514027,0.18259361386299133,0.0,11,1,,,32.0,2.0,,control_change
1767433755991298000,-40.1638069152832,-0.0019411062821745872,1931.484511227997,2859.375,0.20489005744457245,2.3008172512054443,0.15402038395404816,0.008562744595110416,0.14086505770683289,0.0,11,1,,,32.0,2.0,,control_change
1767433756012702000,-39.976539611816406,0.0002138698473572731,1721.4372355324601,2109.375,0.17775775492191315,2.1631550788879395,0.15431749820709229,0.00701700197532773,0.07015837728977203,0.0002138698473572731,11,1,,,32.0,2.0,,control_change
1767433756033631000,-40.3077507019043,-0.00037515442818403244,2415.59962135094,4734.375,0.26262909173965454,2.2039096355438232,0.17315420508384705,0.011541333980858326,0.06347429752349854,0.0,11,1,,,32.0,2.0,,control_change
1767433756055280000,-39.43850326538086,0.0010159071534872055,1431.998817448087,1359.375,0.14461596310138702,2.476738452911377,0.1572316735982895,0.005936737637966871,0.11077781021595001,0.0010159071534872055,11,1,,,32.0,2.0,,control_change
1767433756076495000,-41.054080963134766,-0.0018106121569871902,1674.0664993832493,1968.75,0.17389634251594543,2.0620224475860596,0.11307072639465332,0.005833449773490429,0.10439389944076538,0.0,11,1,,,32.0,2.0,,control_change
1767433756098027000,-41.92915344238281,-0.000848851166665554,3115.777834242914,7453.125,0.3420173227787018,1.5809158086776733,0.1646566390991211,0.014015529304742813,0.11415735632181168,0.0,11,1,,,32.0,2.0,,control_change
1767433756119093000,-41.31504821777344,0.000586693175137043,1715.9008097449814,2109.375,0.1804027110338211,1.9591972827911377,0.12188341468572617,0.006113895680755377,0.12158989906311035,0.000586693175137043,11,1,,,32.0,2.0,,control_change
1767433756140569000,-41.670494079589844,-0.00034462567418813705,704.8646590270461,703.125,0.04617701470851898,2.2461438179016113,0.10057830810546875,0.001356392866000533,0.10698787868022919,0.0,11,1,,,32.0,2.0,,control_change
1767433756161706000,-42.67711639404297,-0.0009028241038322449,1349.4262621113683,1312.5,0.12605537474155426,1.951087236404419,0.0843491405248642,0.0033775821793824434,0.0957658588886261,0.0,11,1,,,32.0,2.0,,control_change
1767433756183381000,-43.01496505737305,-0.0002803066745400429,1840.98683478661,2437.5,0.19125217199325562,1.7461216449737549,0.10825147479772568,0.005650483537465334,0.07561136037111282,0.0,11,1,,,32.0,2.0,,control_change
1767433756204481000,-43.46238708496094,-0.00035482877865433693,2091.204895705408,3281.25,0.22064711153507233,1.6265583038330078,0.12308143079280853,0.006831943057477474,0.048675961792469025,0.0,11,1,,,32.0,2.0,,control_change
1767433756225714000,-42.948707580566406,0.0004089442081749439,786.0664686813512,750.0,0.054299984127283096,1.8354928493499756,0.09763430058956146,0.001353456056676805,0.058885619044303894,0.0004089442081749439,11,1,,,32.0,2.0,,control_change
1767433756247316000,-42.24203109741211,0.0006036129780113697,1460.0299247943133,1406.25,0.1472678929567337,1.9375486373901367,0.11255519092082977,0.004621679428964853,0.08460008352994919,0.0006036129780113697,11,1,,,32.0,2.0,,control_change
1767433756268374000,-42.818687438964844,-0.0004962114617228508,3194.691374917021,7781.25,0.35420364141464233,1.7338224649429321,0.16039668023586273,0.01528234500437975,0.06127174571156502,0.0,11,1,,,32.0,2.0,,control_change
1767433756289841000,-43.77875900268555,-0.0007564383558928967,3293.4754338503153,8015.625,0.36355462670326233,1.4617294073104858,0.15362264215946198,0.013953384011983871,0.065114825963974,0.0,11,1,,,32.0,2.0,,control_change
1767433756311023000,-44.40293884277344,-0.000448793638497591,1828.715058278877,2531.25,0.19186055660247803,1.3481614589691162,0.09618484973907471,0.004826810210943222,0.05855129659175873,0.0,11,1,,,32.0,2.0,,control_change
1767433756332732000,-44.68341064453125,-0.0001913974992930889,887.1189762174978,843.75,0.0658164843916893,1.4670628309249878,0.08597129583358765,0.0014384569367393851,0.050449348986148834,0.0,11,1,,,32.0,2.0,,control_change
1767433756375155000,-44.736881256103516,0.00035286182537674904,2005.9798268381212,2953.125,0.20888078212738037,1.2896621227264404,0.1138419657945633,0.005666692741215229,0.04277075454592705,0.00035286182537674904,11,1,,,32.0,2.0,,control_change
1767433756473690000,-44.736881256103516,0.00035286182537674904,2005.9798268381212,2953.125,0.20888078212738037,1.2896621227264404,0.1138419657945633,0.005666692741215229,0.04277075454592705,0.00035286182537674904,11,1,,,2.0,32.0,,control_change
1767433756473884000,-44.736881256103516,0.00035286182537674904,2005.9798268381212,2953.125,0.20888078212738037,1.2896621227264404,0.1138419657945633,0.005666692741215229,0.04277075454592705,0.00035286182537674904,11,1,,,8.0,0.0,,control_change
1767433757288367000,-44.736881256103516,0.00035286182537674904,2005.9798268381212,2953.125,0.20888078212738037,1.2896621227264404,0.1138419657945633,0.005666692741215229,0.04277075454592705,0.00035286182537674904,11,1,,,12.0,10.0,,control_change
1767433758070182000,-44.736881256103516,0.00035286182537674904,2005.9798268381212,2953.125,0.20888078212738037,1.2896621227264404,0.1138419657945633,0.005666692741215229,0.04277075454592705,0.00035286182537674904,11,1,,,32.0,8.0,,control_change
1767433758955941000,-44.736881256103516,0.00035286182537674904,2005.9798268381212,2953.125,0.20888078212738037,1.2896621227264404,0.1138419657945633,0.005666692741215229,0.04277075454592705,0.00035286182537674904,11,1,,,0.0,63.0,,control_change
1767433758958117000,-44.736881256103516,0.00035286182537674904,2005.9798268381212,2953.125,0.20888078212738037,1.2896621227264404,0.1138419657945633,0.005666692741215229,0.04277075454592705,0.00035286182537674904,11,1,,,32.0,0.0,,control_change
1767433758960655000,-44.736881256103516,0.00035286182537674904,2005.9798268381212,2953.125,0.20888078212738037,1.2896621227264404,0.1138419657945633,0.005666692741215229,0.04277075454592705,0.00035286182537674904,11,1,,,0.0,63.0,,control_change
1767433758961960000,-44.736881256103516,0.00035286182537674904,2005.9798268381212,2953.125,0.20888078212738037,1.2896621227264404,0.1138419657945633,0.005666692741215229,0.04277075454592705,0.00035286182537674904,11,1,,,0.0,62.0,,control_change
1767433758964776000,-44.736881256103516,0.00035286182537674904,2005.9798268381212,2953.125,0.20888078212738037,1.2896621227264404,0.1138419657945633,0.005666692741215229,0.04277075454592705,0.00035286182537674904,11,1,,,0.0,63.0,,control_change
1767433758966214000,-44.736881256103516,0.00035286182537674904,2005.9798268381212,2953.125,0.20888078212738037,1.2896621227264404,0.1138419657945633,0.005666692741215229,0.04277075454592705,0.00035286182537674904,11,1,,,0.0,62.0,,control_change
1767433758967564000,-44.736881256103516,0.00035286182537674904,2005.9798268381212,2953.125,0.20888078212738037,1.2896621227264404,0.1138419657945633,0.005666692741215229,0.04277075454592705,0.00035286182537674904,11,1,,,32.0,0.0,,control_change
1767433759668830000,-44.736881256103516,0.00035286182537674904,2005.9798268381212,2953.125,0.20888078212738037,1.2896621227264404,0.1138419657945633,0.005666692741215229,0.04277075454592705,0.00035286182537674904,11,1,,,0.0,63.0,,control_change
1767433759670450000,-44.736881256103516,0.00035286182537674904,2005.9798268381212,2953.125,0.20888078212738037,1.2896621227264404,0.1138419657945633,0.005666692741215229,0.04277075454592705,0.00035286182537674904,11,1,,,32.0,0.0,,control_change
1767433759673167000,-44.736881256103516,0.00035286182537674904,2005.9798268381212,2953.125,0.20888078212738037,1.2896621227264404,0.1138419657945633,0.005666692741215229,0.04277075454592705,0.00035286182537674904,11,1,,,0.0,63.0,,control_change
1767433759675020000,-44.736881256103516,0.00035286182537674904,2005.9798268381212,2953.125,0.20888078212738037,1.2896621227264404,0.1138419657945633,0.005666692741215229,0.04277075454592705,0.00035286182537674904,11,1,,,0.0,62.0,,control_change
1767433759676597000,-44.736881256103516,0.00035286182537674904,2005.9798268381212,2953.125,0.20888078212738037,1.2896621227264404,0.1138419657945633,0.005666692741215229,0.04277075454592705,0.00035286182537674904,11,1,,,0.0,63.0,,control_change
1767433759679288000,-44.736881256103516,0.00035286182537674904,2005.9798268381212,2953.125,0.20888078212738037,1.2896621227264404,0.1138419657945633,0.005666692741215229,0.04277075454592705,0.00035286182537674904,11,1,,,0.0,63.0,,control_change
1767433759680874000,-44.736881256103516,0.00035286182537674904,2005.9798268381212,2953.125,0.20888078212738037,1.2896621227264404,0.1138419657945633,0.005666692741215229,0.04277075454592705,0.00035286182537674904,11,1,,,32.0,0.0,,control_change
1767433760151296000,-40.4102897644043,0.0065971435979008675,1741.3595320706554,2437.5,0.18244469165802002,2.3232874870300293,0.07274172455072403,0.0055437893606722355,0.2279144823551178,0.0065971435979008675,11,1,,,32.0,0.0,,control_change
1767433760172485000,-39.235816955566406,0.0013810433447360992,703.8786790153781,421.875,0.057249732315540314,2.831420660018921,0.06327329576015472,0.001832350972108543,0.14743465185165405,0.0013810433447360992,11,1,,,32.0,0.0,,control_change
1767433760193723000,-40.413516998291016,-0.001384589821100235,2407.9685495725753,5015.625,0.2653478980064392,2.5641045570373535,0.09792877733707428,0.010298498906195164,0.12682369351387024,0.0,11,1,,,32.0,0.0,,control_change
1767433760214955000,-39.541812896728516,0.0010065948590636253,3043.081413822399,7453.125,0.3381577134132385,2.840226650238037,0.13417479395866394,0.01669412851333618,0.059964943677186966,0.0010065948590636253,11,1,,,32.0,0.0,,control_change
1767433760236434000,-39.116607666015625,0.0005288915708661079,2277.2532994317176,4453.125,0.2520144581794739,2.8987598419189453,0.11094526946544647,0.011044333688914776,0.08657629787921906,0.0005288915708661079,11,1,,,32.0,0.0,,control_change
1767433760257683000,-39.97147750854492,-0.0010376684367656708,2192.750498417026,4218.75,0.24075257778167725,2.757327079772949,0.07951046526432037,0.008990764617919922,0.09707554429769516,0.0,11,1,,,32.0,0.0,,control_change
1767433760279202000,-39.309139251708984,0.0007949788123369217,3427.7328906309253,8578.125,0.3816439211368561,2.8370063304901123,0.19249550998210907,0.02267245575785637,0.11854886263608932,0.0007949788123369217,11,1,,,32.0,0.0,,control_change
1767433760300453000,-39.63824462890625,-0.000402587465941906,2622.8621139970774,5859.375,0.2911563217639923,2.889009475708008,0.09855509549379349,0.012634428218007088,0.1045394092798233,0.0,11,1,,,32.0,0.0,,control_change
1767433760321874000,-39.27245330810547,0.0004484178498387337,2772.8986092234322,6375.0,0.3082094192504883,3.026179313659668,0.11554443836212158,0.014733984135091305,0.035201750695705414,0.0004484178498387337,11,1,,,32.0,0.0,,control_change
1767433760343087000,-39.21330261230469,7.430184632539749e-05,3546.6013335814664,9000.0,0.39597100019454956,2.884681224822998,0.20256415009498596,0.024871110916137695,0.1065635085105896,7.430184632539749e-05,11,1,,,32.0,0.0,,control_change
1767433760364742000,-39.851966857910156,-0.0007761120796203613,2196.2933615980833,4171.875,0.2402474582195282,2.9168143272399902,0.07597174495458603,0.009082945995032787,0.12554800510406494,0.0,11,1,,,32.0,0.0,,control_change
1767433760385663000,-39.273826599121094,0.000700090080499649,1887.437165749186,2859.375,0.20419812202453613,2.9255032539367676,0.09574180841445923,0.00833434984087944,0.1257336139678955,0.000700090080499649,11,1,,,32.0,0.0,,control_change
1767433760407015000,-39.28447341918945,-1.3316050171852112e-05,2624.722603589558,5859.375,0.2899262011051178,3.1275126934051514,0.1052391305565834,0.013532287441194057,0.07640961557626724,0.0,11,1,,,32.0,0.0,,control_change
1767433760428485000,-39.69676208496094,-0.0005033817142248154,1951.930940979166,2906.25,0.20229454338550568,3.0219178199768066,0.08036284148693085,0.007761741057038307,0.09801570326089859,0.0,11,1,,,32.0,0.0,,control_change
1767433760449956000,-38.238624572753906,0.0018928181380033493,1430.4484693437885,2343.75,0.10395555198192596,3.525135040283203,0.1152011975646019,0.008498869836330414,0.18386593461036682,0.0018928181380033493,11,1,,,32.0,0.0,,control_change
1767433760471242000,-37.68445587158203,0.0008069081231951714,1030.8826897477377,1312.5,0.06861981004476547,3.1642487049102783,0.16196922957897186,0.005104524083435535,0.2916804850101471,0.0008069081231951714,11,1,,,32.0,0.0,,control_change
1767433760492373000,-37.40861511230469,0.0004212483763694763,1217.5387059768077,1406.25,0.10556674003601074,3.4900081157684326,0.16445541381835938,0.005711941979825497,0.24007613956928253,0.0004212483763694763,11,1,,,32.0,0.0,,control_change
1767433760514107000,-40.05497360229492,-0.003539346158504486,1180.216982706726,1453.125,0.1027645543217659,2.528444290161133,0.13167181611061096,0.004265491385012865,0.20954105257987976,0.0,11,1,,,32.0,0.0,,control_change
1767433760535089000,-39.70303726196289,0.0004108911380171776,2383.982429685331,4593.75,0.25583145022392273,2.472395420074463,0.19536414742469788,0.01309605035930872,0.10109850764274597,0.0004108911380171776,11,1,,,32.0,0.0,,control_change
1767433760556443000,-38.014801025390625,0.00222002062946558,2990.195138160535,6984.375,0.3272897005081177,3.397170305252075,0.23592276871204376,0.022029997780919075,0.1649072915315628,0.00222002062946558,11,1,,,32.0,0.0,,control_change
1767433760577458000,-37.598812103271484,0.000616549514234066,2672.838197504666,5812.5,0.29446402192115784,3.1495909690856934,0.24616427719593048,0.019613366574048996,0.16604231297969818,0.000616549514234066,11,1,,,32.0,0.0,,control_change
1767433760599301000,-40.12470245361328,-0.003326915204524994,755.7552963950543,890.625,0.048717040568590164,2.5392849445343018,0.1376645565032959,0.0020041842944920063,0.16608737409114838,0.0,11,1,,,32.0,0.0,,control_change
1767433760620486000,-39.824562072753906,0.0003465767949819565,3380.832979056526,8343.75,0.3738912045955658,2.2907612323760986,0.24930080771446228,0.023571617901325226,0.10536467283964157,0.0003465767949819565,11,1,,,32.0,0.0,,control_change
1767433760641678000,-38.822391510009766,0.0012479424476623535,2471.4894220092306,5062.5,0.2685513496398926,2.7976346015930176,0.21520741283893585,0.01510885450989008,0.12189984321594238,0.0012479424476623535,11,1,,,32.0,0.0,,control_change
1767433760663251000,-38.89724349975586,-9.826663881540298e-05,799.2924912879968,843.75,0.057458411902189255,3.0572609901428223,0.15084774792194366,0.0025602495297789574,0.12874126434326172,0.0,11,1,,,32.0,0.0,,control_change
1767433760684433000,-39.82697677612305,-0.0011525126174092293,2891.8096821298623,6609.375,0.3157328963279724,2.436197280883789,0.23006698489189148,0.017954016104340553,0.11982423812150955,0.0,11,1,,,32.0,0.0,,control_change
1767433760705853000,-41.0416259765625,-0.001331297680735588,2825.761343306214,6328.125,0.30802932381629944,1.8551788330078125,0.2107415497303009,0.015087790787220001,0.10232643783092499,0.0,11,1,,,32.0,0.0,,control_change
1767433760727021000,-41.258026123046875,-0.0002182507887482643,1990.4293737618334,3093.75,0.20880721509456635,2.0489578247070312,0.1483967900276184,0.0081101693212986,0.08419745415449142,0.0,11,1,,,32.0,0.0,,control_change
1767433760748637000,-39.44939422607422,0.0020027849823236465,3366.029818709662,8203.125,0.3726047873497009,2.3091728687286377,0.269650399684906,0.02453889697790146,0.15776348114013672,0.0020027849823236465,11,1,,,32.0,0.0,,control_change
1767433760769755000,-40.028785705566406,-0.0006875218823552132,3435.822786303111,8484.375,0.37934327125549316,2.2774455547332764,0.25565001368522644,0.02389618754386902,0.11300456523895264,0.0,11,1,,,32.0,0.0,,control_change
1767433760791038000,-41.72357940673828,-0.0017667748034000397,1391.639902791368,1406.25,0.13335169851779938,1.8823258876800537,0.13787183165550232,0.0043771821074187756,0.12854182720184326,0.0,11,1,,,32.0,0.0,,control_change
1767433760812653000,-41.92079162597656,-0.00018408708274364471,2592.0365554178143,5343.75,0.283443808555603,2.009816884994507,0.16113092005252838,0.011988798156380653,0.09039834886789322,0.0,11,1,,,32.0,0.0,,control_change
1767433760833963000,-41.45936584472656,0.0004373593255877495,1936.2671963204082,2718.75,0.20250409841537476,2.239041805267334,0.12627142667770386,0.00719021400436759,0.10991617292165756,0.0004373593255877495,11,1,,,32.0,0.0,,control_change
1767433760855113000,-40.77630615234375,0.0006916141137480736,1923.4036592507794,2859.375,0.20373369753360748,2.3231630325317383,0.1301654875278473,0.007671532686799765,0.07656146585941315,0.0006916141137480736,11,1,,,32.0,0.0,,control_change
1767433760876401000,-42.87305450439453,-0.0019613364711403847,2859.8407369727306,6562.5,0.3122378885746002,1.798844337463379,0.1446990668773651,0.012212893925607204,0.10419923812150955,0.0,11,1,,,32.0,0.0,,control_change
1767433760898107000,-43.798912048339844,-0.0007263356819748878,2643.777352820621,5625.0,0.2885509729385376,1.4700008630752563,0.13035590946674347,0.009495958685874939,0.10372336953878403,0.0,11,1,,,32.0,0.0,,control_change
1767433760918995000,-41.47581481933594,0.0019800588488578796,1309.372830806873,1312.5,0.12829415500164032,2.173116683959961,0.10750095546245575,0.004064244218170643,0.130056232213974,0.0019800588488578796,11,1,,,32.0,0.0,,control_change
1767433760939803000,-39.674888610839844,0.0019439812749624252,1752.9244769458069,2156.25,0.18476049602031708,2.5726442337036133,0.14361286163330078,0.007742946036159992,0.11099366098642349,0.0019439812749624252,11,1,,,32.0,0.0,,control_change
1767433760961098000,-42.21398162841797,-0.002631405834108591,1276.9581649736606,1218.75,0.11862915754318237,2.1652932167053223,0.09362708777189255,0.00337358214892447,0.14097678661346436,0.0,11,1,,,32.0,0.0,,control_change
1767433760982427000,-43.25315856933594,-0.000873887911438942,908.0265451050672,984.375,0.06794733554124832,1.6850039958953857,0.09795777499675751,0.0017100188415497541,0.10935278236865997,0.0,11,1,,,32.0,0.0,,control_change
1767433761004040000,-43.44267272949219,-0.0001484006643295288,1432.8233603098597,1406.25,0.13610726594924927,1.4301526546478271,0.11319446563720703,0.0035710548982024193,0.05027647688984871,0.0,11,1,,,32.0,0.0,,control_change
1767433761025530000,-43.08259582519531,0.00028476258739829063,1610.0882654993825,1640.625,0.16109849512577057,1.7796522378921509,0.11095081269741058,0.004644777625799179,0.07507026195526123,0.00028476258739829063,11,1,,,32.0,0.0,,control_change
1767433761046683000,-42.03675842285156,0.0008972799405455589,2293.323235752637,4265.625,0.2481885552406311,1.9096790552139282,0.14800283312797546,0.00962185487151146,0.10583733022212982,0.0008972799405455589,11,1,,,32.0,0.0,,control_change
1767433761067969000,-43.75358200073242,-0.0014185993932187557,3502.4448610361437,8718.75,0.3861824572086334,1.5054082870483398,0.14897878468036652,0.015248343348503113,0.09481355547904968,0.0,11,1,,,32.0,0.0,,control_change
1767433761089566000,-44.12968063354492,-0.0002750665880739689,3541.038161232527,8906.25,0.38949012756347656,1.0955466032028198,0.1437549889087677,0.013667252846062183,0.09845896810293198,0.0,11,1,,,32.0,0.0,,control_change
1767433761111154000,-44.37452697753906,-0.00017277849838137627,1406.824391224789,1453.125,0.13465970754623413,1.2984707355499268,0.09480247646570206,0.003155175130814314,0.06186866760253906,0.0,11,1,,,32.0,0.0,,control_change
1767433761131912000,-43.77830123901367,0.0004294002428650856,2290.7002779502686,4218.75,0.24690885841846466,1.6090850830078125,0.1144707202911377,0.007641622330993414,0.06189355626702309,0.0004294002428650856,11,1,,,32.0,0.0,,control_change
1767433761153672000,-44.65125274658203,-0.0006188997067511082,1629.2771347841413,1828.125,0.15959928929805756,1.4320465326309204,0.08723144233226776,0.0036947119515389204,0.07195017486810684,0.0,11,1,,,32.0,0.0,,control_change
1767433761601658000,-44.65125274658203,-0.0006188997067511082,1629.2771347841413,1828.125,0.15959928929805756,1.4320465326309204,0.08723144233226776,0.0036947119515389204,0.07195017486810684,0.0,11,1,,,0.0,63.0,,control_change
1767433761603137000,-44.65125274658203,-0.0006188997067511082,1629.2771347841413,1828.125,0.15959928929805756,1.4320465326309204,0.08723144233226776,0.0036947119515389204,0.07195017486810684,0.0,11,1,,,32.0,0.0,,control_change
1767433761604764000,-44.65125274658203,-0.0006188997067511082,1629.2771347841413,1828.125,0.15959928929805756,1.4320465326309204,0.08723144233226776,0.0036947119515389204,0.07195017486810684,0.0,11,1,,,0.0,63.0,,control_change
1767433761606123000,-44.65125274658203,-0.0006188997067511082,1629.2771347841413,1828.125,0.15959928929805756,1.4320465326309204,0.08723144233226776,0.0036947119515389204,0.07195017486810684,0.0,11,1,,,32.0,0.0,,control_change
1767433761608737000,-44.65125274658203,-0.0006188997067511082,1629.2771347841413,1828.125,0.15959928929805756,1.4320465326309204,0.08723144233226776,0.0036947119515389204,0.07195017486810684,0.0,11,1,,,0.0,63.0,,control_change
1767433761610478000,-44.65125274658203,-0.0006188997067511082,1629.2771347841413,1828.125,0.15959928929805756,1.4320465326309204,0.08723144233226776,0.0036947119515389204,0.07195017486810684,0.0,11,1,,,0.0,62.0,,control_change
1767433761613158000,-44.65125274658203,-0.0006188997067511082,1629.2771347841413,1828.125,0.15959928929805756,1.4320465326309204,0.08723144233226776,0.0036947119515389204,0.07195017486810684,0.0,11,1,,,0.0,63.0,,control_change
1767433762432029000,-44.65125274658203,-0.0006188997067511082,1629.2771347841413,1828.125,0.15959928929805756,1.4320465326309204,0.08723144233226776,0.0036947119515389204,0.07195017486810684,0.0,11,1,,,12.0,0.0,,control_change
1767433763660421000,-44.65125274658203,-0.0006188997067511082,1629.2771347841413,1828.125,0.15959928929805756,1.4320465326309204,0.08723144233226776,0.0036947119515389204,0.07195017486810684,0.0,11,1,,,36.0,0.0,,control_change
1767433764332572000,-40.40830612182617,0.007675135508179665,2844.7842552439733,6890.625,0.29340142011642456,2.2372233867645264,0.16420117020606995,0.01644335314631462,0.28156405687332153,0.007675135508179665,11,1,,,36.0,0.0,,control_change
1767433764353661000,-38.67168045043945,0.002111617475748062,2244.754536053083,4828.125,0.21394522488117218,2.316929817199707,0.24398522078990936,0.0152341453358531,0.21310193836688995,0.002111617475748062,11,1,,,36.0,0.0,,control_change
1767433764375037000,-41.64272689819336,-0.0033755917102098465,2046.9660889974107,4546.875,0.12370666861534119,0.922150731086731,0.19524836540222168,0.009122448973357677,0.23081021010875702,0.0,11,1,,,36.0,0.0,,control_change
1767433764396724000,-43.18187713623047,-0.0013440600596368313,3457.2497772400134,8625.0,0.3477620482444763,0.5331739187240601,0.1980009377002716,0.01535739004611969,0.07441116869449615,0.0,11,1,,,36.0,0.0,,control_change
1767433764417703000,-43.8698616027832,-0.0005279416218400002,2424.7347678755636,5484.375,0.20224560797214508,0.6059193015098572,0.18012990057468414,0.009309094399213791,0.07658670097589493,0.0,11,1,,,36.0,0.0,,control_change
1767433764439043000,-42.86768341064453,0.0007833084091544151,2265.2566456365034,4687.5,0.1852952092885971,0.6247325539588928,0.1696910560131073,0.00793834775686264,0.10029032826423645,0.0007833084091544151,11,1,,,36.0,0.0,,control_change
1767433764460420000,-43.48020553588867,-0.0004894407466053963,3494.893464074793,8718.75,0.3598339557647705,0.39069661498069763,0.20387060940265656,0.013840009458363056,0.06323708593845367,0.0,11,1,,,36.0,0.0,,control_change
1767433764482044000,-43.27717208862305,0.00015842588618397713,2621.5112772950442,5343.75,0.2577410042285919,0.5556225776672363,0.20125213265419006,0.009873778559267521,0.06908126920461655,0.00015842588618397713,11,1,,,36.0,0.0,,control_change
1767433764503001000,-44.65646743774414,-0.0010068342089653015,2611.0245128550505,5343.75,0.2476644665002823,0.5192859768867493,0.15741723775863647,0.008104946464300156,0.0768735408782959,0.0,11,1,,,36.0,0.0,,control_change
1767433764524447000,-42.907989501953125,0.0013045682571828365,1582.587783557915,2203.125,0.09968561679124832,0.3794349431991577,0.16061446070671082,0.004189045634120703,0.0649203360080719,0.0013045682571828365,11,1,,,36.0,0.0,,control_change
1767433764545765000,-44.00682830810547,-0.0008502327837049961,1556.5014596176236,2203.125,0.09873819351196289,0.424586683511734,0.1619739979505539,0.004079676233232021,0.0544140487909317,0.0,11,1,,,36.0,0.0,,control_change
1767433764588423000,-43.39190673828125,0.0013370197266340256,1916.969489042553,2484.375,0.1713380068540573,0.49836450815200806,0.17540818452835083,0.005474740639328957,0.07282649725675583,0.0013370197266340256,11,1,,,36.0,0.0,,control_change
1767433764609776000,-43.71662521362305,-0.00024831900373101234,1757.4701758199117,2203.125,0.14515924453735352,0.38872355222702026,0.1700136363506317,0.0044993069022893906,0.041405074298381805,0.0,11,1,,,36.0,0.0,,control_change
1767433764673634000,-43.54880905151367,0.0014325124211609364,1398.861734614404,1593.75,0.10502655059099197,0.5244466662406921,0.1512814164161682,0.00319667044095695,0.07294268906116486,0.0014325124211609364,11,1,,,36.0,0.0,,control_change
1767433764695073000,-44.574398040771484,-0.0007401718758046627,1542.8988222351807,1875.0,0.12895698845386505,0.5371309518814087,0.15353728830814362,0.0035727806389331818,0.04766438156366348,0.0,11,1,,,36.0,0.0,,control_change
1767433764737771000,-44.3458366394043,0.0006102402694523335,1742.7076268136432,2203.125,0.157273069024086,0.4845895767211914,0.15728184580802917,0.00398297281935811,0.06098930165171623,0.0006102402694523335,11,1,,,36.0,0.0,,control_change
1767433764758933000,-43.63097381591797,0.0005201292224228382,1381.817818817483,1687.5,0.1051773726940155,0.40690523386001587,0.15019255876541138,0.0027043356094509363,0.06541649997234344,0.0005201292224228382,11,1,,,36.0,0.0,,control_change
1767433764822992000,-44.102813720703125,0.0011984333395957947,1872.729967040651,2343.75,0.17781434953212738,0.4683711528778076,0.16681604087352753,0.004686098080128431,0.07830810546875,0.0011984333395957947,11,1,,,36.0,0.0,,control_change
1767433765185577000,-44.68684768676758,0.0010046870447695255,1367.9843346076425,1546.875,0.11197801679372787,0.5812204480171204,0.12087412178516388,0.0022449055686593056,0.04447475075721741,0.0010046870447695255,11,1,,,36.0,0.0,,control_change
1767433765249806000,-44.425140380859375,0.0011464925482869148,2259.7670287246697,3703.125,0.2338504195213318,0.5595384836196899,0.13713590800762177,0.005514469463378191,0.05480271577835083,0.0011464925482869148,11,1,,,36.0,0.0,,control_change
1767433765271067000,-44.926414489746094,-0.00033692270517349243,1366.7118979658776,1406.25,0.11385218799114227,0.538999617099762,0.12397019565105438,0.0022527629043906927,0.033690810203552246,0.0,11,1,,,36.0,0.0,,control_change
1767433765926905000,-44.926414489746094,-0.00033692270517349243,1366.7118979658776,1406.25,0.11385218799114227,0.538999617099762,0.12397019565105438,0.0022527629043906927,0.033690810203552246,0.0,11,1,,,12.0,2.0,,control_change
1767433767916228000,-44.926414489746094,-0.00033692270517349243,1366.7118979658776,1406.25,0.11385218799114227,0.538999617099762,0.12397019565105438,0.0022527629043906927,0.033690810203552246,0.0,11,6,,,12.0,0.0,,control_change
1767433768363999000,-42.44282531738281,0.006803265307098627,1424.8115363098896,1546.875,0.14310555160045624,2.0577893257141113,0.0441628023982048,0.003875164082273841,0.2260502129793167,0.006803265307098627,11,6,,,12.0,0.0,,control_change
1767433768385572000,-37.636871337890625,0.005578259471803904,2731.7249749610523,6281.25,0.3046640157699585,3.4488232135772705,0.14879003167152405,0.017576172947883606,0.1970660388469696,0.005578259471803904,11,6,,,12.0,0.0,,control_change
1767433768406824000,-38.9168586730957,-0.0017986269667744637,3382.60099658327,8484.375,0.37476179003715515,3.0504491329193115,0.1576773226261139,0.02092289924621582,0.14728716015815735,0.0,11,6,,,12.0,0.0,,control_change
1767433768428337000,-38.53016662597656,0.000515718013048172,599.5006558341892,328.125,0.045049600303173065,3.194760799407959,0.039250828325748444,0.001480853301472962,0.12023548781871796,0.000515718013048172,11,6,,,12.0,0.0,,control_change
1767433768449252000,-38.17728042602539,0.0004910947754979134,2887.0223315742473,6796.875,0.3217718303203583,3.1172122955322266,0.15087546408176422,0.01749701052904129,0.09716500341892242,0.0004910947754979134,11,6,,,12.0,0.0,,control_change
1767433768471073000,-39.59691619873047,-0.001859906129539013,3092.427307499407,7593.75,0.3439084589481354,2.8104138374328613,0.11554795503616333,0.015764564275741577,0.127998948097229,0.0,11,6,,,12.0,0.0,,control_change
1767433768492267000,-39.26627731323242,0.000406426377594471,1104.6432373939094,703.125,0.11177505552768707,2.8839187622070312,0.046337395906448364,0.003546633291989565,0.10808642208576202,0.000406426377594471,11,6,,,12.0,0.0,,control_change
1767433768513748000,-39.33018112182617,-7.97593966126442e-05,3191.465187472356,7875.0,0.3564203679561615,2.7211661338806152,0.1606590747833252,0.019057083874940872,0.08744478225708008,0.0,11,6,,,12.0,0.0,,control_change
1767433768534865000,-39.987667083740234,-0.0007874630391597748,3205.652787706826,7968.75,0.3565939664840698,2.5635104179382324,0.11603077501058578,0.015939464792609215,0.09232251346111298,0.0,11,6,,,12.0,0.0,,control_change
1767433768556259000,-39.947593688964844,4.6309083700180054e-05,834.7892328104289,515.625,0.07184349000453949,2.5960116386413574,0.03799838572740555,0.002087603323161602,0.09148052334785461,4.6309083700180054e-05,11,6,,,12.0,0.0,,control_change
1767433768577615000,-38.5606575012207,0.0017417948693037033,3832.8066334469186,9750.0,0.42441925406455994,2.7175166606903076,0.3060566484928131,0.03569415956735611,0.1704721599817276,0.0017417948693037033,11,6,,,12.0,0.0,,control_change
1767433768599185000,-37.091796875,0.002174563705921173,3634.5780787739186,9375.0,0.39552077651023865,2.864077091217041,0.30052244663238525,0.032124537974596024,0.21520951390266418,0.002174563705921173,11,6,,,12.0,0.0,,control_change
1767433768620305000,-39.45874786376953,-0.003333915024995804,1497.3999297530884,2343.75,0.10390689224004745,2.1526966094970703,0.13987907767295837,0.007684448733925819,0.14740373194217682,0.0,11,6,,,12.0,0.0,,control_change
1767433768641583000,-41.56989288330078,-0.0022964421659708023,2596.2716112711023,5906.25,0.26173222064971924,2.0653281211853027,0.11899618804454803,0.011420127004384995,0.1380186825990677,0.0,11,6,,,12.0,0.0,,control_change
1767433768663154000,-40.025325775146484,0.0016243653371930122,2530.0868251780166,5531.25,0.26218312978744507,2.1540369987487793,0.15452907979488373,0.012487956322729588,0.09657036513090134,0.0016243653371930122,11,6,,,12.0,0.0,,control_change
1767433768684508000,-40.62123107910156,-0.0006611263379454613,1737.597018556923,2812.5,0.1657560020685196,1.9709736108779907,0.14245179295539856,0.007425103336572647,0.06592822819948196,0.0,11,6,,,12.0,0.0,,control_change
1767433768705675000,-40.921016693115234,-0.0003158319741487503,3595.547074913393,9000.0,0.3951430320739746,1.7795549631118774,0.23366865515708923,0.023025302216410637,0.11563480645418167,0.0,11,6,,,12.0,0.0,,control_change
1767433768726992000,-41.28948211669922,-0.00037355534732341766,2427.055628836125,4921.875,0.25532594323158264,2.16398549079895,0.1484943926334381,0.011151560582220554,0.10795490443706512,0.0,11,6,,,12.0,0.0,,control_change
1767433768748621000,-41.69951629638672,-0.00039748381823301315,2338.709495785248,4593.75,0.24709150195121765,1.9895036220550537,0.15473653376102448,0.010346810333430767,0.08919655531644821,0.0,11,6,,,12.0,0.0,,control_change
1767433768769593000,-40.749839782714844,0.0009500402957201004,3714.6695927389947,9328.125,0.40825140476226807,1.7547725439071655,0.2505802512168884,0.02480609156191349,0.11962193250656128,0.0009500402957201004,11,6,,,12.0,0.0,,control_change
1767433768790885000,-41.62274169921875,-0.00087704136967659,3241.509957226357,7921.875,0.3542439937591553,1.9707460403442383,0.18742507696151733,0.017526976764202118,0.0961248129606247,0.0,11,6,,,12.0,0.0,,control_change
1767433768812319000,-42.85137939453125,-0.00109425513073802,1902.3326696191796,2953.125,0.1931428760290146,1.810445785522461,0.12543627619743347,0.0066497051157057285,0.08772733062505722,0.0,11,6,,,12.0,0.0,,control_change
1767433768833571000,-41.03569793701172,0.0016743210144340992,3092.4226334534137,7312.5,0.339655339717865,1.8388023376464844,0.20567674934864044,0.017435340210795403,0.13756749033927917,0.0016743210144340992,11,6,,,12.0,0.0,,control_change
1767433768855050000,-42.24256896972656,-0.0011514308862388134,3012.004509191671,7031.25,0.32785797119140625,1.866849660873413,0.17793945968151093,0.014944184571504593,0.10269931703805923,0.0,11,6,,,12.0,0.0,,control_change
1767433768876353000,-42.408164978027344,-0.0001458730548620224,969.6938414308529,1218.75,0.06586097925901413,1.9245954751968384,0.11555393785238266,0.0025491658598184586,0.08212950825691223,0.0,11,6,,,12.0,0.0,,control_change
1767433768897992000,-40.376853942871094,0.001996758859604597,2447.238240840169,4921.875,0.2622511088848114,1.8743858337402344,0.18507961928844452,0.011868411675095558,0.16305969655513763,0.001996758859604597,11,6,,,12.0,0.0,,control_change
1767433768918890000,-41.8498649597168,-0.001493634656071663,1100.291834161325,984.375,0.09279873222112656,1.9147008657455444,0.11672315746545792,0.0030957418493926525,0.09772061556577682,0.0,11,6,,,12.0,0.0,,control_change
1767433768940200000,-42.86022186279297,-0.0008874665945768356,1247.2155814711693,1453.125,0.10643907636404037,1.7268993854522705,0.0964546650648117,0.0030084487516433,0.1251102089881897,0.0,11,6,,,12.0,0.0,,control_change
1767433768961640000,-42.46628189086914,0.0003338027745485306,1033.2561921185538,1078.125,0.08020079880952835,1.5483314990997314,0.11309005320072174,0.0024570755194872618,0.11970126628875732,0.0003338027745485306,11,6,,,12.0,0.0,,control_change
1767433768982954000,-41.97784423828125,0.0004354594275355339,1586.248613924889,1828.125,0.15454308688640594,1.4695463180541992,0.14126017689704895,0.004959920886904001,0.07574193924665451,0.0004354594275355339,11,6,,,12.0,0.0,,control_change
1767433769004464000,-42.65769958496094,-0.0005995472893118858,2993.975884308783,6890.625,0.3224060535430908,1.1736894845962524,0.18542751669883728,0.012523396871984005,0.08802340924739838,0.0,11,6,,,12.0,0.0,,control_change
1767433769025681000,-44.48552703857422,-0.0013974630273878574,1516.7776325363566,1593.75,0.14098100364208221,1.4136810302734375,0.1063593178987503,0.0038193112704902887,0.09574942290782928,0.0,11,6,,,12.0,0.0,,control_change
1767433769046975000,-42.03693389892578,0.0019430196844041348,2267.809355853368,4125.0,0.24041233956813812,1.4334712028503418,0.15322373807430267,0.008270743303000927,0.12363064289093018,0.0019430196844041348,11,6,,,12.0,0.0,,control_change
1767433769068271000,-42.19108200073242,-0.00013913074508309364,3373.415472881188,8203.125,0.371049702167511,1.2479641437530518,0.2298068255186081,0.018009845167398453,0.07267604768276215,0.0,11,6,,,12.0,0.0,,control_change
1767433769089761000,-43.38088607788086,-0.0009947228245437145,3099.375730907436,7312.5,0.3374713957309723,1.1915221214294434,0.1733989268541336,0.012836621142923832,0.07268289476633072,0.0,11,6,,,12.0,0.0,,control_change
1767433769110824000,-42.947120666503906,0.00034696608781814575,1084.0936614339241,984.375,0.08260609954595566,1.178623914718628,0.1377660483121872,0.0022609310690313578,0.06698305159807205,0.00034696608781814575,11,6,,,12.0,0.0,,control_change
1767433769132559000,-43.587127685546875,-0.0005059558898210526,1567.2564866356438,1687.5,0.15134195983409882,1.3663631677627563,0.11988502740859985,0.00410411786288023,0.10629863291978836,0.0,11,6,,,12.0,0.0,,control_change
1767433769153997000,-42.395206451416016,0.0009732288308441639,2622.862506079171,5484.375,0.2851930856704712,1.4988075494766235,0.17833212018013,0.011509197764098644,0.1143195852637291,0.0009732288308441639,11,6,,,12.0,0.0,,control_change
1767433769174958000,-42.54487991333008,-0.00012966850772500038,868.5739885059091,843.75,0.05960896238684654,1.4395402669906616,0.13055813312530518,0.0017132238717749715,0.07939159125089645,0.0,11,6,,,12.0,0.0,,control_change
1767433769196350000,-42.644561767578125,-8.512800559401512e-05,2872.8139754784847,6562.5,0.31278491020202637,1.4216225147247314,0.1354425698518753,0.010877035558223724,0.11174578964710236,0.0,11,6,,,12.0,0.0,,control_change
1767433769217506000,-43.53907012939453,-0.0007217223756015301,1069.0688517831,1218.75,0.08688227832317352,1.598091721534729,0.09973699599504471,0.002269617049023509,0.10265982896089554,0.0,11,6,,,12.0,0.0,,control_change
1767433769239044000,-44.57965087890625,-0.0007511940784752369,1124.2030317151346,1125.0,0.08772443979978561,1.3241111040115356,0.10709744691848755,0.0020686613861471415,0.08755452185869217,0.0,11,6,,,12.0,0.0,,control_change
1767433769260154000,-43.98960876464844,0.0004148748703300953,1995.978638368946,2906.25,0.2062455415725708,1.1454131603240967,0.12058119475841522,0.005515717435628176,0.0734478235244751,0.0004148748703300953,11,6,,,12.0,0.0,,control_change
1767433769430702000,-43.55807876586914,0.0017714458517730236,2102.2263839690727,3328.125,0.21771253645420074,0.9410852193832397,0.1448088437318802,0.0062364558689296246,0.09142620861530304,0.0017714458517730236,11,6,,,12.0,0.0,,control_change
1767433769451718000,-42.864349365234375,0.0005519874393939972,2000.668588146323,2812.5,0.20564663410186768,1.0001453161239624,0.16907860338687897,0.006385174114257097,0.05097558721899986,0.0005519874393939972,11,6,,,12.0,0.0,,control_change
1767433769473208000,-44.40205001831055,-0.001166714821010828,1947.0373827545466,2484.375,0.19466686248779297,0.9790693521499634,0.13213364779949188,0.005083425901830196,0.07649098336696625,0.0,11,6,,,12.0,0.0,,control_change
1767433769494686000,-43.01795196533203,0.0010406728833913803,1773.183087767907,2062.5,0.17530375719070435,0.9246549606323242,0.13622520864009857,0.004520469345152378,0.05878642573952675,0.0010406728833913803,11,6,,,12.0,0.0,,control_change
1767433769516042000,-42.809043884277344,0.00017197616398334503,1335.3169944759816,1312.5,0.1182388886809349,1.0735478401184082,0.14805355668067932,0.003292908426374197,0.07152815163135529,0.00017197616398334503,11,6,,,12.0,0.0,,control_change
1767433769537156000,-42.58407974243164,0.00018987944349646568,2819.681496186993,6140.625,0.3032403290271759,0.8370493650436401,0.1868700534105301,0.010609797202050686,0.0543355867266655,0.00018987944349646568,11,6,,,12.0,0.0,,control_change
1767433769558609000,-42.40163803100586,0.00015764404088258743,1268.0969924575934,1265.625,0.10920063406229019,0.9584465026855469,0.14161014556884766,0.002780322916805744,0.0761369839310646,0.00015764404088258743,11,6,,,12.0,0.0,,control_change
1767433769580004000,-43.107086181640625,-0.000591629184782505,1137.3603173660044,1125.0,0.09120457619428635,1.0690803527832031,0.13335493206977844,0.002303744200617075,0.06405337154865265,0.0,11,6,,,12.0,0.0,,control_change
1767433769601047000,-43.68657684326172,-0.0004513077437877655,1597.9550251793244,1687.5,0.15561173856258392,1.0803333520889282,0.13320767879486084,0.004097463563084602,0.052252139896154404,0.0,11,6,,,12.0,0.0,,control_change
1767433769622558000,-42.99671173095703,0.0005407300777733326,1544.0616768468997,1687.5,0.14630134403705597,0.9156055450439453,0.12599626183509827,0.0035173275973647833,0.06649576872587204,0.0005407300777733326,11,6,,,12.0,0.0,,control_change
1767433769643957000,-44.9061164855957,-0.0013976101763546467,2519.9446003749235,4921.875,0.2628594934940338,0.8722694516181946,0.12716662883758545,0.007027844898402691,0.07318294048309326,0.0,11,6,,,12.0,0.0,,control_change
1767433769665363000,-44.77777099609375,8.461810648441315e-05,1132.395610179664,1218.75,0.08368256688117981,0.9876036643981934,0.10177306830883026,0.0018232010770589113,0.05260574072599411,8.461810648441315e-05,11,6,,,12.0,0.0,,control_change
1767433769686369000,-44.93411636352539,-0.00010291347280144691,1740.324921639286,2015.625,0.16873809695243835,0.8535760641098022,0.10322661697864532,0.0036663473583757877,0.03559134155511856,0.0,11,6,,,12.0,0.0,,control_change
1767433769814646000,-41.52629089355469,0.0041192034259438515,1594.2150897542713,2531.25,0.11640364676713943,2.036043643951416,0.1459657996892929,0.007051717024296522,0.1680237203836441,0.0041192034259438515,11,6,,,12.0,0.0,,control_change
1767433769835801000,-44.42438507080078,-0.002379823476076126,1987.4869474766292,4078.125,0.1519671082496643,1.077583909034729,0.14287790656089783,0.00725934561342001,0.11887450516223907,0.0,11,6,,,12.0,0.0,,control_change
1767433769878682000,-44.232086181640625,0.0012423871085047722,2782.3462396032796,6093.75,0.278909832239151,0.9851486086845398,0.16205282509326935,0.010450340807437897,0.07917597144842148,0.0012423871085047722,11,6,,,12.0,0.0,,control_change
1767433770092238000,-44.00027847290039,0.001396286766976118,2738.292088965674,5906.25,0.29354479908943176,0.8025078773498535,0.14554938673973083,0.008867346681654453,0.06494791060686111,0.001396286766976118,11,6,,,12.0,0.0,,control_change
1767433770156139000,-43.78994369506836,0.001288391649723053,2695.847536166705,5625.0,0.2877836227416992,0.8124626278877258,0.16349700093269348,0.009133076295256615,0.09180941432714462,0.001288391649723053,11,6,,,12.0,0.0,,control_change
1767433770241550000,-44.55877685546875,0.000579233281314373,2068.547243600163,2953.125,0.2041330188512802,0.6255663633346558,0.13035418093204498,0.0047441148199141026,0.08966433256864548,0.000579233281314373,11,6,,,12.0,0.0,,control_change
1767433770262991000,-44.217811584472656,0.0002368716523051262,1255.6576515188267,1359.375,0.09520126134157181,0.5242573618888855,0.11764361709356308,0.0019813436083495617,0.05103055387735367,0.0002368716523051262,11,6,,,12.0,0.0,,control_change
1767433770327012000,-44.23023223876953,0.0011911625042557716,1321.6728299872982,1593.75,0.10128351300954819,0.30389294028282166,0.11872772872447968,0.0018898192793130875,0.08021901547908783,0.0011911625042557716,11,6,,,12.0,0.0,,control_change
1767433770689428000,-34.911865234375,0.01461797021329403,1476.7765606428968,1406.25,0.14532817900180817,4.730046272277832,0.1671128273010254,0.009633293375372887,0.5125851035118103,0.01461797021329403,11,6,,,12.0,0.0,,control_change
1767433770710817000,-38.430240631103516,-0.0059832921251654625,2646.9620226837505,5812.5,0.28917115926742554,2.91162109375,0.20767493546009064,0.01730864867568016,0.3139646053314209,0.0,11,6,,,12.0,0.0,,control_change
1767433770732004000,-36.164161682128906,0.0035713408142328262,3075.9634618253713,7312.5,0.3393711447715759,3.456127166748047,0.3174918293952942,0.02824612893164158,0.22984208166599274,0.0035713408142328262,11,6,,,12.0,0.0,,control_change
1767433770753316000,-37.38722229003906,-0.0020427117124199867,3073.2880145919726,7265.625,0.3380424380302429,3.0567469596862793,0.27193787693977356,0.02412576787173748,0.1526707261800766,0.0,11,6,,,12.0,0.0,,control_change
1767433770774874000,-37.135597229003906,0.0003970833495259285,3105.746086718674,7406.25,0.338334858417511,2.9999847412109375,0.246613547205925,0.022788969799876213,0.1223633736371994,0.0003970833495259285,11,6,,,12.0,0.0,,control_change
1767433770796165000,-37.74308395385742,-0.0009393831714987755,3406.7603210810153,8390.625,0.37269851565361023,2.7701988220214844,0.2466467320919037,0.024887815117836,0.12081345170736313,0.0,11,6,,,12.0,0.0,,control_change
1767433770817562000,-37.969112396240234,-0.00033308565616607666,3163.382373714073,7640.625,0.3462786376476288,2.6942508220672607,0.2509435713291168,0.022554758936166763,0.1253988891839981,0.0,11,6,,,12.0,0.0,,control_change
1767433770838920000,-37.177059173583984,0.0012062443420290947,3591.999936593944,8953.125,0.39650627970695496,3.0235631465911865,0.3105120062828064,0.03230643272399902,0.1518734097480774,0.0012062443420290947,11,6,,,12.0,0.0,,control_change
1767433770860144000,-36.65131378173828,0.0008636098355054855,3180.8573874367785,7687.5,0.34986114501953125,3.6299381256103516,0.2995818257331848,0.029730165377259254,0.1906752586364746,0.0008636098355054855,11,6,,,12.0,0.0,,control_change
1767433770881857000,-32.32472229003906,0.009493176825344563,2122.631699318849,5296.875,0.13946881890296936,4.316644191741943,0.4341040253639221,0.027143171057105064,0.5683609247207642,0.009493176825344563,11,6,,,12.0,0.0,,control_change
1767433770902842000,-35.11433410644531,-0.0066468846052885056,3302.0578872167052,8718.75,0.3113493323326111,1.9544605016708374,0.4477089047431946,0.03544482961297035,0.48395949602127075,0.0,11,6,,,12.0,0.0,,control_change
1767433770924163000,-37.07317352294922,-0.0035433704033493996,3104.6300338010747,7968.75,0.3037833869457245,1.8214619159698486,0.42333388328552246,0.031161468476057053,0.2747376561164856,0.0,11,6,,,12.0,0.0,,control_change
1767433770945774000,-34.58065414428711,0.0046555111184716225,1857.0439838681948,3656.25,0.12147671729326248,1.4251271486282349,0.4218119978904724,0.01683446392416954,0.2844371497631073,0.0046555111184716225,11,6,,,12.0,0.0,,control_change
1767433770966785000,-40.53266525268555,-0.009257219731807709,3347.783517458685,8203.125,0.3368285000324249,1.6678682565689087,0.3277830481529236,0.027737045660614967,0.4398452937602997,0.0,11,6,,,12.0,0.0,,control_change
1767433770988226000,-36.123558044433594,0.006219904869794846,2589.9093769148903,6000.0,0.23521283268928528,1.4716670513153076,0.37438634037971497,0.021495413035154343,0.3809147775173187,0.006219904869794846,11,6,,,12.0,0.0,,control_change
1767433771009690000,-36.75749588012695,-0.0010997718200087547,2537.4747625403097,5578.125,0.2395043522119522,1.545703649520874,0.3679974675178528,0.02058410830795765,0.2998056709766388,0.0,11,6,,,12.0,0.0,,control_change
1767433771031155000,-36.85918426513672,-0.00016906391829252243,1466.012977427284,2156.25,0.07424363493919373,1.5664609670639038,0.3477189838886261,0.01015439908951521,0.08295207470655441,0.0,11,6,,,12.0,0.0,,control_change
1767433771052210000,-34.50008010864258,0.004480075091123581,2007.1994987784863,3468.75,0.19160018861293793,2.7505202293395996,0.42202529311180115,0.018161572515964508,0.2965049743652344,0.004480075091123581,11,6,,,12.0,0.0,,control_change
1767433771073672000,-35.76872634887695,-0.0025597140192985535,2870.5131284904705,6328.125,0.30197736620903015,2.450392246246338,0.4841817319393158,0.030029814690351486,0.34338927268981934,0.0,11,6,,,12.0,0.0,,control_change
1767433771094722000,-34.163543701171875,0.0033038631081581116,2517.8947128731543,5062.5,0.2615230083465576,2.6667637825012207,0.47632932662963867,0.02586965262889862,0.3088371157646179,0.0033038631081581116,11,6,,,12.0,0.0,,control_change
1767433771116231000,-37.39190673828125,-0.006078259088099003,2329.060411164857,4312.5,0.23185573518276215,2.0224177837371826,0.38287442922592163,0.01743711344897747,0.2904298007488251,0.0,11,6,,,12.0,0.0,,control_change
1767433771137523000,-36.90213394165039,0.0007832227274775505,2339.3100396734203,4359.375,0.22966083884239197,2.004274368286133,0.3589881360530853,0.01673433929681778,0.17470242083072662,0.0007832227274775505,11,6,,,12.0,0.0,,control_change
1767433771158958000,-35.648380279541016,0.0022182632237672806,2695.097898085541,5625.0,0.27893152832984924,1.9666893482208252,0.3926210403442383,0.022024953737854958,0.18371663987636566,0.0022182632237672806,11,6,,,12.0,0.0,,control_change
1767433771180535000,-37.85987854003906,-0.003709699958562851,2682.427523912962,5390.625,0.2823815941810608,2.038442611694336,0.33205097913742065,0.019839394837617874,0.16678333282470703,0.0,11,6,,,12.0,0.0,,control_change
1767433771201473000,-36.34098815917969,0.002444799058139324,2442.8817574430072,4453.125,0.25138193368911743,2.056699275970459,0.3713182508945465,0.018185541033744812,0.1640540063381195,0.002444799058139324,11,6,,,12.0,0.0,,control_change
1767433771222865000,-37.07352066040039,-0.0012324731796979904,2339.701571730773,3984.375,0.2345932275056839,1.8643001317977905,0.39055028557777405,0.016863597556948662,0.13574154675006866,0.0,11,6,,,12.0,0.0,,control_change
1767433771243937000,-35.12702560424805,0.003518306650221348,1370.7584563706014,1406.25,0.1141665130853653,2.577139377593994,0.4000338017940521,0.008812032639980316,0.1962803453207016,0.003518306650221348,11,6,,,12.0,0.0,,control_change
1767433771265639000,-33.65686798095703,0.0032319966703653336,1264.1168852951782,1359.375,0.10585081577301025,2.8098254203796387,0.3886856138706207,0.007913275621831417,0.27465981245040894,0.0032319966703653336,11,6,,,12.0,0.0,,control_change
1767433771286958000,-36.527069091796875,-0.0058408211916685104,2769.766274989324,5765.625,0.29396435618400574,2.4570107460021973,0.35915422439575195,0.022486384958028793,0.5515666604042053,0.0,11,6,,,12.0,0.0,,control_change
1767433771308154000,-32.947383880615234,0.007607443258166313,2635.628279089299,5250.0,0.28058695793151855,2.6413872241973877,0.5806273221969604,0.03017401695251465,0.5354816913604736,0.007607443258166313,11,6,,,12.0,0.0,,control_change
1767433771329876000,-36.777442932128906,-0.008031255565583706,3083.839567949121,6890.625,0.3325834274291992,2.5030593872070312,0.43626317381858826,0.030231382697820663,0.36849844455718994,0.0,11,6,,,12.0,0.0,,control_change
1767433771350714000,-35.38029861450195,0.002529011107981205,1754.6684671725172,2156.25,0.1707465797662735,2.768110752105713,0.4177266061306,0.012874328531324863,0.20467698574066162,0.002529011107981205,11,6,,,12.0,0.0,,control_change
1767433771372282000,-34.5580940246582,0.0016899332404136658,1198.4508051582613,1265.625,0.09439645707607269,2.158468723297119,0.468310683965683,0.006863752845674753,0.2082596719264984,0.0016899332404136658,11,6,,,12.0,0.0,,control_change
1767433771393585000,-36.95010757446289,-0.004504181444644928,1726.0603539296976,2437.5,0.15683728456497192,2.0836021900177,0.3338393568992615,0.009402607567608356,0.3731333315372467,0.0,11,6,,,12.0,0.0,,control_change
1767433771415064000,-37.96065902709961,-0.001560344360768795,2350.692486232884,3703.125,0.23549005389213562,1.8511216640472412,0.36267775297164917,0.014813907444477081,0.3262012004852295,0.0,11,6,,,12.0,0.0,,control_change
1767433771435664000,-35.92237854003906,0.003344799391925335,3467.1696024359658,8203.125,0.3729834258556366,2.143064022064209,0.5227763056755066,0.03811950609087944,0.21443872153759003,0.003344799391925335,11,6,,,12.0,0.0,,control_change
1767433771457202000,-38.220272064208984,-0.00371719803661108,2642.6083798420595,4968.75,0.27552181482315063,2.096717357635498,0.36679893732070923,0.019740981981158257,0.24949680268764496,0.0,11,6,,,12.0,0.0,,control_change
1767433771962798000,-38.220272064208984,-0.00371719803661108,2642.6083798420595,4968.75,0.27552181482315063,2.096717357635498,0.36679893732070923,0.019740981981158257,0.24949680268764496,0.0,11,3,,,,,96.0,program_change
1767433784011351000,-38.220272064208984,-0.00371719803661108,2642.6083798420595,4968.75,0.27552181482315063,2.096717357635498,0.36679893732070923,0.019740981981158257,0.24949680268764496,0.0,11,8,,,4.0,0.0,,control_change
1767433784601706000,-38.220272064208984,-0.00371719803661108,2642.6083798420595,4968.75,0.27552181482315063,2.096717357635498,0.36679893732070923,0.019740981981158257,0.24949680268764496,0.0,11,8,,,48.0,4.0,,control_change
1767433784957388000,-38.220272064208984,-0.00371719803661108,2642.6083798420595,4968.75,0.27552181482315063,2.096717357635498,0.36679893732070923,0.019740981981158257,0.24949680268764496,0.0,11,8,,,2.0,48.0,,control_change
1767433784957669000,-38.220272064208984,-0.00371719803661108,2642.6083798420595,4968.75,0.27552181482315063,2.096717357635498,0.36679893732070923,0.019740981981158257,0.24949680268764496,0.0,11,8,,,4.0,0.0,,control_change
1767433785287818000,-38.220272064208984,-0.00371719803661108,2642.6083798420595,4968.75,0.27552181482315063,2.096717357635498,0.36679893732070923,0.019740981981158257,0.24949680268764496,0.0,11,8,,,48.0,22.0,,control_change
1767433785546618000,-38.220272064208984,-0.00371719803661108,2642.6083798420595,4968.75,0.27552181482315063,2.096717357635498,0.36679893732070923,0.019740981981158257,0.24949680268764496,0.0,11,8,,,22.0,3.0,,control_change
1767433785795685000,-38.220272064208984,-0.00371719803661108,2642.6083798420595,4968.75,0.27552181482315063,2.096717357635498,0.36679893732070923,0.019740981981158257,0.24949680268764496,0.0,11,8,,,4.0,0.0,,control_change
1767433786048881000,-38.220272064208984,-0.00371719803661108,2642.6083798420595,4968.75,0.27552181482315063,2.096717357635498,0.36679893732070923,0.019740981981158257,0.24949680268764496,0.0,11,8,,,48.0,4.0,,control_change
1767433786492858000,-38.220272064208984,-0.00371719803661108,2642.6083798420595,4968.75,0.27552181482315063,2.096717357635498,0.36679893732070923,0.019740981981158257,0.24949680268764496,0.0,11,8,,,0.0,48.0,,control_change
1767433786493190000,-38.220272064208984,-0.00371719803661108,2642.6083798420595,4968.75,0.27552181482315063,2.096717357635498,0.36679893732070923,0.019740981981158257,0.24949680268764496,0.0,11,8,,,4.0,2.0,,control_change
1767433786923004000,-38.220272064208984,-0.00371719803661108,2642.6083798420595,4968.75,0.27552181482315063,2.096717357635498,0.36679893732070923,0.019740981981158257,0.24949680268764496,0.0,11,8,,,48.0,4.0,,control_change
1767433787399949000,-38.220272064208984,-0.00371719803661108,2642.6083798420595,4968.75,0.27552181482315063,2.096717357635498,0.36679893732070923,0.019740981981158257,0.24949680268764496,0.0,11,8,,,0.0,48.0,,control_change
1767433787400731000,-38.220272064208984,-0.00371719803661108,2642.6083798420595,4968.75,0.27552181482315063,2.096717357635498,0.36679893732070923,0.019740981981158257,0.24949680268764496,0.0,11,8,,,4.0,0.0,,control_change
1767433787944605000,-38.220272064208984,-0.00371719803661108,2642.6083798420595,4968.75,0.27552181482315063,2.096717357635498,0.36679893732070923,0.019740981981158257,0.24949680268764496,0.0,11,8,,,22.0,3.0,,control_change
1767433788274584000,-38.220272064208984,-0.00371719803661108,2642.6083798420595,4968.75,0.27552181482315063,2.096717357635498,0.36679893732070923,0.019740981981158257,0.24949680268764496,0.0,11,8,,,48.0,4.0,,control_change
1767433788556528000,-38.220272064208984,-0.00371719803661108,2642.6083798420595,4968.75,0.27552181482315063,2.096717357635498,0.36679893732070923,0.019740981981158257,0.24949680268764496,0.0,11,8,,,22.0,0.0,,control_change
1767433788814361000,-38.220272064208984,-0.00371719803661108,2642.6083798420595,4968.75,0.27552181482315063,2.096717357635498,0.36679893732070923,0.019740981981158257,0.24949680268764496,0.0,11,8,,,22.0,3.0,,control_change
1767433789086338000,-38.220272064208984,-0.00371719803661108,2642.6083798420595,4968.75,0.27552181482315063,2.096717357635498,0.36679893732070923,0.019740981981158257,0.24949680268764496,0.0,11,8,,,22.0,1.0,,control_change
1767433789373671000,-38.220272064208984,-0.00371719803661108,2642.6083798420595,4968.75,0.27552181482315063,2.096717357635498,0.36679893732070923,0.019740981981158257,0.24949680268764496,0.0,11,8,,,48.0,4.0,,control_change
1767433789851350000,-38.220272064208984,-0.00371719803661108,2642.6083798420595,4968.75,0.27552181482315063,2.096717357635498,0.36679893732070923,0.019740981981158257,0.24949680268764496,0.0,11,8,,,22.0,2.0,,control_change
1767433790127811000,-38.220272064208984,-0.00371719803661108,2642.6083798420595,4968.75,0.27552181482315063,2.096717357635498,0.36679893732070923,0.019740981981158257,0.24949680268764496,0.0,11,8,,,48.0,4.0,,control_change
1767433795320332000,-38.220272064208984,-0.00371719803661108,2642.6083798420595,4968.75,0.27552181482315063,2.096717357635498,0.36679893732070923,0.019740981981158257,0.24949680268764496,0.0,11,8,,,0.0,48.0,,control_change
1767433795320547000,-38.220272064208984,-0.00371719803661108,2642.6083798420595,4968.75,0.27552181482315063,2.096717357635498,0.36679893732070923,0.019740981981158257,0.24949680268764496,0.0,11,8,,,4.0,0.0,,control_change
1767433795602189000,-38.220272064208984,-0.00371719803661108,2642.6083798420595,4968.75,0.27552181482315063,2.096717357635498,0.36679893732070923,0.019740981981158257,0.24949680268764496,0.0,11,8,,,22.0,3.0,,control_change
